window,merchant_id,model,n_train_months,min_train_months,status,detail
2022,M001,Naive,24,1,success,
2022,M001,Seasonal Naive,24,12,success,
2022,M001,SMA(3),24,3,success,
2022,M001,"WMA(1,2,3)",24,3,success,
2022,M001,SES,24,2,success,
2022,M001,Holt,24,3,success,
2022,M001,Holt-Winters,24,24,success,
2022,M001,SARIMA,24,36,not_eligible,Training history is 24 months; SARIMA requires 36.
2022,M001,Driver Scenario Regression,24,36,not_eligible,Training history is 24 months; Driver Scenario Regression requires 36.
2022,M002,Naive,24,1,success,
2022,M002,Seasonal Naive,24,12,success,
2022,M002,SMA(3),24,3,success,
2022,M002,"WMA(1,2,3)",24,3,success,
2022,M002,SES,24,2,success,
2022,M002,Holt,24,3,success,
2022,M002,Holt-Winters,24,24,success,
2022,M002,SARIMA,24,36,not_eligible,Training history is 24 months; SARIMA requires 36.
2022,M002,Driver Scenario Regression,24,36,not_eligible,Training history is 24 months; Driver Scenario Regression requires 36.
2022,M003,Naive,24,1,success,
2022,M003,Seasonal Naive,24,12,success,
2022,M003,SMA(3),24,3,success,
2022,M003,"WMA(1,2,3)",24,3,success,
2022,M003,SES,24,2,success,
2022,M003,Holt,24,3,success,
2022,M003,Holt-Winters,24,24,success,
2022,M003,SARIMA,24,36,not_eligible,Training history is 24 months; SARIMA requires 36.
2022,M003,Driver Scenario Regression,24,36,not_eligible,Training history is 24 months; Driver Scenario Regression requires 36.
2022,M004,Naive,24,1,success,
2022,M004,Seasonal Naive,24,12,success,
2022,M004,SMA(3),24,3,success,
2022,M004,"WMA(1,2,3)",24,3,success,
2022,M004,SES,24,2,success,
2022,M004,Holt,24,3,success,
2022,M004,Holt-Winters,24,24,success,
2022,M004,SARIMA,24,36,not_eligible,Training history is 24 months; SARIMA requires 36.
2022,M004,Driver Scenario Regression,24,36,not_eligible,Training history is 24 months; Driver Scenario Regression requires 36.
2022,M005,Naive,24,1,success,
2022,M005,Seasonal Naive,24,12,success,
2022,M005,SMA(3),24,3,success,
2022,M005,"WMA(1,2,3)",24,3,success,
2022,M005,SES,24,2,success,
2022,M005,Holt,24,3,success,
2022,M005,Holt-Winters,24,24,success,
2022,M005,SARIMA,24,36,not_eligible,Training history is 24 months; SARIMA requires 36.
2022,M005,Driver Scenario Regression,24,36,not_eligible,Training history is 24 months; Driver Scenario Regression requires 36.
2022,M006,Naive,24,1,success,
2022,M006,Seasonal Naive,24,12,success,
2022,M006,SMA(3),24,3,success,
2022,M006,"WMA(1,2,3)",24,3,success,
2022,M006,SES,24,2,success,
2022,M006,Holt,24,3,success,
2022,M006,Holt-Winters,24,24,success,
2022,M006,SARIMA,24,36,not_eligible,Training history is 24 months; SARIMA requires 36.
2022,M006,Driver Scenario Regression,24,36,not_eligible,Training history is 24 months; Driver Scenario Regression requires 36.
2022,M007,Naive,24,1,success,
2022,M007,Seasonal Naive,24,12,success,
2022,M007,SMA(3),24,3,success,
2022,M007,"WMA(1,2,3)",24,3,success,
2022,M007,SES,24,2,success,
2022,M007,Holt,24,3,success,
2022,M007,Holt-Winters,24,24,success,
2022,M007,SARIMA,24,36,not_eligible,Training history is 24 months; SARIMA requires 36.
2022,M007,Driver Scenario Regression,24,36,not_eligible,Training history is 24 months; Driver Scenario Regression requires 36.
2022,M008,Naive,24,1,success,
2022,M008,Seasonal Naive,24,12,success,
2022,M008,SMA(3),24,3,success,
2022,M008,"WMA(1,2,3)",24,3,success,
2022,M008,SES,24,2,success,
2022,M008,Holt,24,3,success,
2022,M008,Holt-Winters,24,24,success,
2022,M008,SARIMA,24,36,not_eligible,Training history is 24 months; SARIMA requires 36.
2022,M008,Driver Scenario Regression,24,36,not_eligible,Training history is 24 months; Driver Scenario Regression requires 36.
2022,M009,Naive,24,1,success,
2022,M009,Seasonal Naive,24,12,success,
2022,M009,SMA(3),24,3,success,
2022,M009,"WMA(1,2,3)",24,3,success,
2022,M009,SES,24,2,success,
2022,M009,Holt,24,3,success,
2022,M009,Holt-Winters,24,24,success,
2022,M009,SARIMA,24,36,not_eligible,Training history is 24 months; SARIMA requires 36.
2022,M009,Driver Scenario Regression,24,36,not_eligible,Training history is 24 months; Driver Scenario Regression requires 36.
2022,M010,Naive,24,1,success,
2022,M010,Seasonal Naive,24,12,success,
2022,M010,SMA(3),24,3,success,
2022,M010,"WMA(1,2,3)",24,3,success,
2022,M010,SES,24,2,success,
2022,M010,Holt,24,3,success,
2022,M010,Holt-Winters,24,24,success,
2022,M010,SARIMA,24,36,not_eligible,Training history is 24 months; SARIMA requires 36.
2022,M010,Driver Scenario Regression,24,36,not_eligible,Training history is 24 months; Driver Scenario Regression requires 36.
2022,M011,Naive,24,1,success,
2022,M011,Seasonal Naive,24,12,success,
2022,M011,SMA(3),24,3,success,
2022,M011,"WMA(1,2,3)",24,3,success,
2022,M011,SES,24,2,success,
2022,M011,Holt,24,3,success,
2022,M011,Holt-Winters,24,24,success,
2022,M011,SARIMA,24,36,not_eligible,Training history is 24 months; SARIMA requires 36.
2022,M011,Driver Scenario Regression,24,36,not_eligible,Training history is 24 months; Driver Scenario Regression requires 36.
2022,M012,Naive,24,1,success,
2022,M012,Seasonal Naive,24,12,success,
2022,M012,SMA(3),24,3,success,
2022,M012,"WMA(1,2,3)",24,3,success,
2022,M012,SES,24,2,success,
2022,M012,Holt,24,3,success,
2022,M012,Holt-Winters,24,24,success,
2022,M012,SARIMA,24,36,not_eligible,Training history is 24 months; SARIMA requires 36.
2022,M012,Driver Scenario Regression,24,36,not_eligible,Training history is 24 months; Driver Scenario Regression requires 36.
2022,M013,Naive,24,1,success,
2022,M013,Seasonal Naive,24,12,success,
2022,M013,SMA(3),24,3,success,
2022,M013,"WMA(1,2,3)",24,3,success,
2022,M013,SES,24,2,success,
2022,M013,Holt,24,3,success,
2022,M013,Holt-Winters,24,24,success,
2022,M013,SARIMA,24,36,not_eligible,Training history is 24 months; SARIMA requires 36.
2022,M013,Driver Scenario Regression,24,36,not_eligible,Training history is 24 months; Driver Scenario Regression requires 36.
2022,M014,Naive,24,1,success,
2022,M014,Seasonal Naive,24,12,success,
2022,M014,SMA(3),24,3,success,
2022,M014,"WMA(1,2,3)",24,3,success,
2022,M014,SES,24,2,success,
2022,M014,Holt,24,3,success,
2022,M014,Holt-Winters,24,24,success,
2022,M014,SARIMA,24,36,not_eligible,Training history is 24 months; SARIMA requires 36.
2022,M014,Driver Scenario Regression,24,36,not_eligible,Training history is 24 months; Driver Scenario Regression requires 36.
2022,M015,Naive,24,1,success,
2022,M015,Seasonal Naive,24,12,success,
2022,M015,SMA(3),24,3,success,
2022,M015,"WMA(1,2,3)",24,3,success,
2022,M015,SES,24,2,success,
2022,M015,Holt,24,3,success,
2022,M015,Holt-Winters,24,24,success,
2022,M015,SARIMA,24,36,not_eligible,Training history is 24 months; SARIMA requires 36.
2022,M015,Driver Scenario Regression,24,36,not_eligible,Training history is 24 months; Driver Scenario Regression requires 36.
2022,M016,Naive,24,1,success,
2022,M016,Seasonal Naive,24,12,success,
2022,M016,SMA(3),24,3,success,
2022,M016,"WMA(1,2,3)",24,3,success,
2022,M016,SES,24,2,success,
2022,M016,Holt,24,3,success,
2022,M016,Holt-Winters,24,24,success,
2022,M016,SARIMA,24,36,not_eligible,Training history is 24 months; SARIMA requires 36.
2022,M016,Driver Scenario Regression,24,36,not_eligible,Training history is 24 months; Driver Scenario Regression requires 36.
2022,M017,Naive,24,1,success,
2022,M017,Seasonal Naive,24,12,success,
2022,M017,SMA(3),24,3,success,
2022,M017,"WMA(1,2,3)",24,3,success,
2022,M017,SES,24,2,success,
2022,M017,Holt,24,3,success,
2022,M017,Holt-Winters,24,24,success,
2022,M017,SARIMA,24,36,not_eligible,Training history is 24 months; SARIMA requires 36.
2022,M017,Driver Scenario Regression,24,36,not_eligible,Training history is 24 months; Driver Scenario Regression requires 36.
2022,M018,Naive,24,1,success,
2022,M018,Seasonal Naive,24,12,success,
2022,M018,SMA(3),24,3,success,
2022,M018,"WMA(1,2,3)",24,3,success,
2022,M018,SES,24,2,success,
2022,M018,Holt,24,3,success,
2022,M018,Holt-Winters,24,24,success,
2022,M018,SARIMA,24,36,not_eligible,Training history is 24 months; SARIMA requires 36.
2022,M018,Driver Scenario Regression,24,36,not_eligible,Training history is 24 months; Driver Scenario Regression requires 36.
2022,M019,Naive,24,1,success,
2022,M019,Seasonal Naive,24,12,success,
2022,M019,SMA(3),24,3,success,
2022,M019,"WMA(1,2,3)",24,3,success,
2022,M019,SES,24,2,success,
2022,M019,Holt,24,3,success,
2022,M019,Holt-Winters,24,24,success,
2022,M019,SARIMA,24,36,not_eligible,Training history is 24 months; SARIMA requires 36.
2022,M019,Driver Scenario Regression,24,36,not_eligible,Training history is 24 months; Driver Scenario Regression requires 36.
2022,M020,Naive,24,1,success,
2022,M020,Seasonal Naive,24,12,success,
2022,M020,SMA(3),24,3,success,
2022,M020,"WMA(1,2,3)",24,3,success,
2022,M020,SES,24,2,success,
2022,M020,Holt,24,3,success,
2022,M020,Holt-Winters,24,24,success,
2022,M020,SARIMA,24,36,not_eligible,Training history is 24 months; SARIMA requires 36.
2022,M020,Driver Scenario Regression,24,36,not_eligible,Training history is 24 months; Driver Scenario Regression requires 36.
2022,M021,Naive,24,1,success,
2022,M021,Seasonal Naive,24,12,success,
2022,M021,SMA(3),24,3,success,
2022,M021,"WMA(1,2,3)",24,3,success,
2022,M021,SES,24,2,success,
2022,M021,Holt,24,3,success,
2022,M021,Holt-Winters,24,24,success,
2022,M021,SARIMA,24,36,not_eligible,Training history is 24 months; SARIMA requires 36.
2022,M021,Driver Scenario Regression,24,36,not_eligible,Training history is 24 months; Driver Scenario Regression requires 36.
2022,M022,Naive,24,1,success,
2022,M022,Seasonal Naive,24,12,success,
2022,M022,SMA(3),24,3,success,
2022,M022,"WMA(1,2,3)",24,3,success,
2022,M022,SES,24,2,success,
2022,M022,Holt,24,3,success,
2022,M022,Holt-Winters,24,24,success,
2022,M022,SARIMA,24,36,not_eligible,Training history is 24 months; SARIMA requires 36.
2022,M022,Driver Scenario Regression,24,36,not_eligible,Training history is 24 months; Driver Scenario Regression requires 36.
2022,M023,Naive,24,1,success,
2022,M023,Seasonal Naive,24,12,success,
2022,M023,SMA(3),24,3,success,
2022,M023,"WMA(1,2,3)",24,3,success,
2022,M023,SES,24,2,success,
2022,M023,Holt,24,3,success,
2022,M023,Holt-Winters,24,24,success,
2022,M023,SARIMA,24,36,not_eligible,Training history is 24 months; SARIMA requires 36.
2022,M023,Driver Scenario Regression,24,36,not_eligible,Training history is 24 months; Driver Scenario Regression requires 36.
2022,M024,Naive,24,1,success,
2022,M024,Seasonal Naive,24,12,success,
2022,M024,SMA(3),24,3,success,
2022,M024,"WMA(1,2,3)",24,3,success,
2022,M024,SES,24,2,success,
2022,M024,Holt,24,3,success,
2022,M024,Holt-Winters,24,24,success,
2022,M024,SARIMA,24,36,not_eligible,Training history is 24 months; SARIMA requires 36.
2022,M024,Driver Scenario Regression,24,36,not_eligible,Training history is 24 months; Driver Scenario Regression requires 36.
2022,M025,Naive,24,1,success,
2022,M025,Seasonal Naive,24,12,success,
2022,M025,SMA(3),24,3,success,
2022,M025,"WMA(1,2,3)",24,3,success,
2022,M025,SES,24,2,success,
2022,M025,Holt,24,3,success,
2022,M025,Holt-Winters,24,24,success,
2022,M025,SARIMA,24,36,not_eligible,Training history is 24 months; SARIMA requires 36.
2022,M025,Driver Scenario Regression,24,36,not_eligible,Training history is 24 months; Driver Scenario Regression requires 36.
2022,M026,Naive,24,1,success,
2022,M026,Seasonal Naive,24,12,success,
2022,M026,SMA(3),24,3,success,
2022,M026,"WMA(1,2,3)",24,3,success,
2022,M026,SES,24,2,success,
2022,M026,Holt,24,3,success,
2022,M026,Holt-Winters,24,24,success,
2022,M026,SARIMA,24,36,not_eligible,Training history is 24 months; SARIMA requires 36.
2022,M026,Driver Scenario Regression,24,36,not_eligible,Training history is 24 months; Driver Scenario Regression requires 36.
2022,M027,Naive,24,1,success,
2022,M027,Seasonal Naive,24,12,success,
2022,M027,SMA(3),24,3,success,
2022,M027,"WMA(1,2,3)",24,3,success,
2022,M027,SES,24,2,success,
2022,M027,Holt,24,3,success,
2022,M027,Holt-Winters,24,24,success,
2022,M027,SARIMA,24,36,not_eligible,Training history is 24 months; SARIMA requires 36.
2022,M027,Driver Scenario Regression,24,36,not_eligible,Training history is 24 months; Driver Scenario Regression requires 36.
2022,M028,Naive,24,1,success,
2022,M028,Seasonal Naive,24,12,success,
2022,M028,SMA(3),24,3,success,
2022,M028,"WMA(1,2,3)",24,3,success,
2022,M028,SES,24,2,success,
2022,M028,Holt,24,3,success,
2022,M028,Holt-Winters,24,24,success,
2022,M028,SARIMA,24,36,not_eligible,Training history is 24 months; SARIMA requires 36.
2022,M028,Driver Scenario Regression,24,36,not_eligible,Training history is 24 months; Driver Scenario Regression requires 36.
2022,M029,Naive,24,1,success,
2022,M029,Seasonal Naive,24,12,success,
2022,M029,SMA(3),24,3,success,
2022,M029,"WMA(1,2,3)",24,3,success,
2022,M029,SES,24,2,success,
2022,M029,Holt,24,3,success,
2022,M029,Holt-Winters,24,24,success,
2022,M029,SARIMA,24,36,not_eligible,Training history is 24 months; SARIMA requires 36.
2022,M029,Driver Scenario Regression,24,36,not_eligible,Training history is 24 months; Driver Scenario Regression requires 36.
2022,M030,Naive,24,1,success,
2022,M030,Seasonal Naive,24,12,success,
2022,M030,SMA(3),24,3,success,
2022,M030,"WMA(1,2,3)",24,3,success,
2022,M030,SES,24,2,success,
2022,M030,Holt,24,3,success,
2022,M030,Holt-Winters,24,24,success,
2022,M030,SARIMA,24,36,not_eligible,Training history is 24 months; SARIMA requires 36.
2022,M030,Driver Scenario Regression,24,36,not_eligible,Training history is 24 months; Driver Scenario Regression requires 36.
2022,M031,Naive,24,1,success,
2022,M031,Seasonal Naive,24,12,success,
2022,M031,SMA(3),24,3,success,
2022,M031,"WMA(1,2,3)",24,3,success,
2022,M031,SES,24,2,success,
2022,M031,Holt,24,3,success,
2022,M031,Holt-Winters,24,24,success,
2022,M031,SARIMA,24,36,not_eligible,Training history is 24 months; SARIMA requires 36.
2022,M031,Driver Scenario Regression,24,36,not_eligible,Training history is 24 months; Driver Scenario Regression requires 36.
2022,M032,Naive,24,1,success,
2022,M032,Seasonal Naive,24,12,success,
2022,M032,SMA(3),24,3,success,
2022,M032,"WMA(1,2,3)",24,3,success,
2022,M032,SES,24,2,success,
2022,M032,Holt,24,3,success,
2022,M032,Holt-Winters,24,24,success,
2022,M032,SARIMA,24,36,not_eligible,Training history is 24 months; SARIMA requires 36.
2022,M032,Driver Scenario Regression,24,36,not_eligible,Training history is 24 months; Driver Scenario Regression requires 36.
2022,M033,Naive,24,1,success,
2022,M033,Seasonal Naive,24,12,success,
2022,M033,SMA(3),24,3,success,
2022,M033,"WMA(1,2,3)",24,3,success,
2022,M033,SES,24,2,success,
2022,M033,Holt,24,3,success,
2022,M033,Holt-Winters,24,24,success,
2022,M033,SARIMA,24,36,not_eligible,Training history is 24 months; SARIMA requires 36.
2022,M033,Driver Scenario Regression,24,36,not_eligible,Training history is 24 months; Driver Scenario Regression requires 36.
2022,M034,Naive,24,1,success,
2022,M034,Seasonal Naive,24,12,success,
2022,M034,SMA(3),24,3,success,
2022,M034,"WMA(1,2,3)",24,3,success,
2022,M034,SES,24,2,success,
2022,M034,Holt,24,3,success,
2022,M034,Holt-Winters,24,24,success,
2022,M034,SARIMA,24,36,not_eligible,Training history is 24 months; SARIMA requires 36.
2022,M034,Driver Scenario Regression,24,36,not_eligible,Training history is 24 months; Driver Scenario Regression requires 36.
2022,M035,Naive,24,1,success,
2022,M035,Seasonal Naive,24,12,success,
2022,M035,SMA(3),24,3,success,
2022,M035,"WMA(1,2,3)",24,3,success,
2022,M035,SES,24,2,success,
2022,M035,Holt,24,3,success,
2022,M035,Holt-Winters,24,24,success,
2022,M035,SARIMA,24,36,not_eligible,Training history is 24 months; SARIMA requires 36.
2022,M035,Driver Scenario Regression,24,36,not_eligible,Training history is 24 months; Driver Scenario Regression requires 36.
2022,M036,Naive,24,1,success,
2022,M036,Seasonal Naive,24,12,success,
2022,M036,SMA(3),24,3,success,
2022,M036,"WMA(1,2,3)",24,3,success,
2022,M036,SES,24,2,success,
2022,M036,Holt,24,3,success,
2022,M036,Holt-Winters,24,24,success,
2022,M036,SARIMA,24,36,not_eligible,Training history is 24 months; SARIMA requires 36.
2022,M036,Driver Scenario Regression,24,36,not_eligible,Training history is 24 months; Driver Scenario Regression requires 36.
2022,M037,Naive,24,1,success,
2022,M037,Seasonal Naive,24,12,success,
2022,M037,SMA(3),24,3,success,
2022,M037,"WMA(1,2,3)",24,3,success,
2022,M037,SES,24,2,success,
2022,M037,Holt,24,3,success,
2022,M037,Holt-Winters,24,24,success,
2022,M037,SARIMA,24,36,not_eligible,Training history is 24 months; SARIMA requires 36.
2022,M037,Driver Scenario Regression,24,36,not_eligible,Training history is 24 months; Driver Scenario Regression requires 36.
2022,M038,Naive,24,1,success,
2022,M038,Seasonal Naive,24,12,success,
2022,M038,SMA(3),24,3,success,
2022,M038,"WMA(1,2,3)",24,3,success,
2022,M038,SES,24,2,success,
2022,M038,Holt,24,3,success,
2022,M038,Holt-Winters,24,24,success,
2022,M038,SARIMA,24,36,not_eligible,Training history is 24 months; SARIMA requires 36.
2022,M038,Driver Scenario Regression,24,36,not_eligible,Training history is 24 months; Driver Scenario Regression requires 36.
2022,M039,Naive,24,1,success,
2022,M039,Seasonal Naive,24,12,success,
2022,M039,SMA(3),24,3,success,
2022,M039,"WMA(1,2,3)",24,3,success,
2022,M039,SES,24,2,success,
2022,M039,Holt,24,3,success,
2022,M039,Holt-Winters,24,24,success,
2022,M039,SARIMA,24,36,not_eligible,Training history is 24 months; SARIMA requires 36.
2022,M039,Driver Scenario Regression,24,36,not_eligible,Training history is 24 months; Driver Scenario Regression requires 36.
2022,M040,Naive,24,1,success,
2022,M040,Seasonal Naive,24,12,success,
2022,M040,SMA(3),24,3,success,
2022,M040,"WMA(1,2,3)",24,3,success,
2022,M040,SES,24,2,success,
2022,M040,Holt,24,3,success,
2022,M040,Holt-Winters,24,24,success,
2022,M040,SARIMA,24,36,not_eligible,Training history is 24 months; SARIMA requires 36.
2022,M040,Driver Scenario Regression,24,36,not_eligible,Training history is 24 months; Driver Scenario Regression requires 36.
2022,M041,Naive,24,1,success,
2022,M041,Seasonal Naive,24,12,success,
2022,M041,SMA(3),24,3,success,
2022,M041,"WMA(1,2,3)",24,3,success,
2022,M041,SES,24,2,success,
2022,M041,Holt,24,3,success,
2022,M041,Holt-Winters,24,24,success,
2022,M041,SARIMA,24,36,not_eligible,Training history is 24 months; SARIMA requires 36.
2022,M041,Driver Scenario Regression,24,36,not_eligible,Training history is 24 months; Driver Scenario Regression requires 36.
2022,M042,Naive,24,1,success,
2022,M042,Seasonal Naive,24,12,success,
2022,M042,SMA(3),24,3,success,
2022,M042,"WMA(1,2,3)",24,3,success,
2022,M042,SES,24,2,success,
2022,M042,Holt,24,3,success,
2022,M042,Holt-Winters,24,24,success,
2022,M042,SARIMA,24,36,not_eligible,Training history is 24 months; SARIMA requires 36.
2022,M042,Driver Scenario Regression,24,36,not_eligible,Training history is 24 months; Driver Scenario Regression requires 36.
2022,M043,Naive,24,1,success,
2022,M043,Seasonal Naive,24,12,success,
2022,M043,SMA(3),24,3,success,
2022,M043,"WMA(1,2,3)",24,3,success,
2022,M043,SES,24,2,success,
2022,M043,Holt,24,3,success,
2022,M043,Holt-Winters,24,24,success,
2022,M043,SARIMA,24,36,not_eligible,Training history is 24 months; SARIMA requires 36.
2022,M043,Driver Scenario Regression,24,36,not_eligible,Training history is 24 months; Driver Scenario Regression requires 36.
2022,M044,Naive,24,1,success,
2022,M044,Seasonal Naive,24,12,success,
2022,M044,SMA(3),24,3,success,
2022,M044,"WMA(1,2,3)",24,3,success,
2022,M044,SES,24,2,success,
2022,M044,Holt,24,3,success,
2022,M044,Holt-Winters,24,24,success,
2022,M044,SARIMA,24,36,not_eligible,Training history is 24 months; SARIMA requires 36.
2022,M044,Driver Scenario Regression,24,36,not_eligible,Training history is 24 months; Driver Scenario Regression requires 36.
2022,M045,Naive,24,1,success,
2022,M045,Seasonal Naive,24,12,success,
2022,M045,SMA(3),24,3,success,
2022,M045,"WMA(1,2,3)",24,3,success,
2022,M045,SES,24,2,success,
2022,M045,Holt,24,3,success,
2022,M045,Holt-Winters,24,24,success,
2022,M045,SARIMA,24,36,not_eligible,Training history is 24 months; SARIMA requires 36.
2022,M045,Driver Scenario Regression,24,36,not_eligible,Training history is 24 months; Driver Scenario Regression requires 36.
2022,M046,Naive,24,1,success,
2022,M046,Seasonal Naive,24,12,success,
2022,M046,SMA(3),24,3,success,
2022,M046,"WMA(1,2,3)",24,3,success,
2022,M046,SES,24,2,success,
2022,M046,Holt,24,3,success,
2022,M046,Holt-Winters,24,24,success,
2022,M046,SARIMA,24,36,not_eligible,Training history is 24 months; SARIMA requires 36.
2022,M046,Driver Scenario Regression,24,36,not_eligible,Training history is 24 months; Driver Scenario Regression requires 36.
2022,M047,Naive,24,1,success,
2022,M047,Seasonal Naive,24,12,success,
2022,M047,SMA(3),24,3,success,
2022,M047,"WMA(1,2,3)",24,3,success,
2022,M047,SES,24,2,success,
2022,M047,Holt,24,3,success,
2022,M047,Holt-Winters,24,24,success,
2022,M047,SARIMA,24,36,not_eligible,Training history is 24 months; SARIMA requires 36.
2022,M047,Driver Scenario Regression,24,36,not_eligible,Training history is 24 months; Driver Scenario Regression requires 36.
2022,M048,Naive,24,1,success,
2022,M048,Seasonal Naive,24,12,success,
2022,M048,SMA(3),24,3,success,
2022,M048,"WMA(1,2,3)",24,3,success,
2022,M048,SES,24,2,success,
2022,M048,Holt,24,3,success,
2022,M048,Holt-Winters,24,24,success,
2022,M048,SARIMA,24,36,not_eligible,Training history is 24 months; SARIMA requires 36.
2022,M048,Driver Scenario Regression,24,36,not_eligible,Training history is 24 months; Driver Scenario Regression requires 36.
2022,M049,Naive,24,1,success,
2022,M049,Seasonal Naive,24,12,success,
2022,M049,SMA(3),24,3,success,
2022,M049,"WMA(1,2,3)",24,3,success,
2022,M049,SES,24,2,success,
2022,M049,Holt,24,3,success,
2022,M049,Holt-Winters,24,24,success,
2022,M049,SARIMA,24,36,not_eligible,Training history is 24 months; SARIMA requires 36.
2022,M049,Driver Scenario Regression,24,36,not_eligible,Training history is 24 months; Driver Scenario Regression requires 36.
2022,M050,Naive,24,1,success,
2022,M050,Seasonal Naive,24,12,success,
2022,M050,SMA(3),24,3,success,
2022,M050,"WMA(1,2,3)",24,3,success,
2022,M050,SES,24,2,success,
2022,M050,Holt,24,3,success,
2022,M050,Holt-Winters,24,24,success,
2022,M050,SARIMA,24,36,not_eligible,Training history is 24 months; SARIMA requires 36.
2022,M050,Driver Scenario Regression,24,36,not_eligible,Training history is 24 months; Driver Scenario Regression requires 36.
2023,M001,Naive,36,1,success,
2023,M001,Seasonal Naive,36,12,success,
2023,M001,SMA(3),36,3,success,
2023,M001,"WMA(1,2,3)",36,3,success,
2023,M001,SES,36,2,success,
2023,M001,Holt,36,3,success,
2023,M001,Holt-Winters,36,24,success,
2023,M001,SARIMA,36,36,success,
2023,M001,Driver Scenario Regression,36,36,success,
2023,M002,Naive,36,1,success,
2023,M002,Seasonal Naive,36,12,success,
2023,M002,SMA(3),36,3,success,
2023,M002,"WMA(1,2,3)",36,3,success,
2023,M002,SES,36,2,success,
2023,M002,Holt,36,3,success,
2023,M002,Holt-Winters,36,24,success,
2023,M002,SARIMA,36,36,success,
2023,M002,Driver Scenario Regression,36,36,success,
2023,M003,Naive,36,1,success,
2023,M003,Seasonal Naive,36,12,success,
2023,M003,SMA(3),36,3,success,
2023,M003,"WMA(1,2,3)",36,3,success,
2023,M003,SES,36,2,success,
2023,M003,Holt,36,3,success,
2023,M003,Holt-Winters,36,24,success,
2023,M003,SARIMA,36,36,success,
2023,M003,Driver Scenario Regression,36,36,success,
2023,M004,Naive,36,1,success,
2023,M004,Seasonal Naive,36,12,success,
2023,M004,SMA(3),36,3,success,
2023,M004,"WMA(1,2,3)",36,3,success,
2023,M004,SES,36,2,success,
2023,M004,Holt,36,3,success,
2023,M004,Holt-Winters,36,24,success,
2023,M004,SARIMA,36,36,success,
2023,M004,Driver Scenario Regression,36,36,success,
2023,M005,Naive,36,1,success,
2023,M005,Seasonal Naive,36,12,success,
2023,M005,SMA(3),36,3,success,
2023,M005,"WMA(1,2,3)",36,3,success,
2023,M005,SES,36,2,success,
2023,M005,Holt,36,3,success,
2023,M005,Holt-Winters,36,24,success,
2023,M005,SARIMA,36,36,success,
2023,M005,Driver Scenario Regression,36,36,success,
2023,M006,Naive,36,1,success,
2023,M006,Seasonal Naive,36,12,success,
2023,M006,SMA(3),36,3,success,
2023,M006,"WMA(1,2,3)",36,3,success,
2023,M006,SES,36,2,success,
2023,M006,Holt,36,3,success,
2023,M006,Holt-Winters,36,24,success,
2023,M006,SARIMA,36,36,success,
2023,M006,Driver Scenario Regression,36,36,success,
2023,M007,Naive,36,1,success,
2023,M007,Seasonal Naive,36,12,success,
2023,M007,SMA(3),36,3,success,
2023,M007,"WMA(1,2,3)",36,3,success,
2023,M007,SES,36,2,success,
2023,M007,Holt,36,3,success,
2023,M007,Holt-Winters,36,24,success,
2023,M007,SARIMA,36,36,success,
2023,M007,Driver Scenario Regression,36,36,success,
2023,M008,Naive,36,1,success,
2023,M008,Seasonal Naive,36,12,success,
2023,M008,SMA(3),36,3,success,
2023,M008,"WMA(1,2,3)",36,3,success,
2023,M008,SES,36,2,success,
2023,M008,Holt,36,3,success,
2023,M008,Holt-Winters,36,24,success,
2023,M008,SARIMA,36,36,success,
2023,M008,Driver Scenario Regression,36,36,success,
2023,M009,Naive,36,1,success,
2023,M009,Seasonal Naive,36,12,success,
2023,M009,SMA(3),36,3,success,
2023,M009,"WMA(1,2,3)",36,3,success,
2023,M009,SES,36,2,success,
2023,M009,Holt,36,3,success,
2023,M009,Holt-Winters,36,24,success,
2023,M009,SARIMA,36,36,success,
2023,M009,Driver Scenario Regression,36,36,success,
2023,M010,Naive,36,1,success,
2023,M010,Seasonal Naive,36,12,success,
2023,M010,SMA(3),36,3,success,
2023,M010,"WMA(1,2,3)",36,3,success,
2023,M010,SES,36,2,success,
2023,M010,Holt,36,3,success,
2023,M010,Holt-Winters,36,24,success,
2023,M010,SARIMA,36,36,success,
2023,M010,Driver Scenario Regression,36,36,success,
2023,M011,Naive,36,1,success,
2023,M011,Seasonal Naive,36,12,success,
2023,M011,SMA(3),36,3,success,
2023,M011,"WMA(1,2,3)",36,3,success,
2023,M011,SES,36,2,success,
2023,M011,Holt,36,3,success,
2023,M011,Holt-Winters,36,24,success,
2023,M011,SARIMA,36,36,success,
2023,M011,Driver Scenario Regression,36,36,success,
2023,M012,Naive,36,1,success,
2023,M012,Seasonal Naive,36,12,success,
2023,M012,SMA(3),36,3,success,
2023,M012,"WMA(1,2,3)",36,3,success,
2023,M012,SES,36,2,success,
2023,M012,Holt,36,3,success,
2023,M012,Holt-Winters,36,24,success,
2023,M012,SARIMA,36,36,success,
2023,M012,Driver Scenario Regression,36,36,success,
2023,M013,Naive,36,1,success,
2023,M013,Seasonal Naive,36,12,success,
2023,M013,SMA(3),36,3,success,
2023,M013,"WMA(1,2,3)",36,3,success,
2023,M013,SES,36,2,success,
2023,M013,Holt,36,3,success,
2023,M013,Holt-Winters,36,24,success,
2023,M013,SARIMA,36,36,success,
2023,M013,Driver Scenario Regression,36,36,success,
2023,M014,Naive,36,1,success,
2023,M014,Seasonal Naive,36,12,success,
2023,M014,SMA(3),36,3,success,
2023,M014,"WMA(1,2,3)",36,3,success,
2023,M014,SES,36,2,success,
2023,M014,Holt,36,3,success,
2023,M014,Holt-Winters,36,24,success,
2023,M014,SARIMA,36,36,success,
2023,M014,Driver Scenario Regression,36,36,success,
2023,M015,Naive,36,1,success,
2023,M015,Seasonal Naive,36,12,success,
2023,M015,SMA(3),36,3,success,
2023,M015,"WMA(1,2,3)",36,3,success,
2023,M015,SES,36,2,success,
2023,M015,Holt,36,3,success,
2023,M015,Holt-Winters,36,24,success,
2023,M015,SARIMA,36,36,success,
2023,M015,Driver Scenario Regression,36,36,success,
2023,M016,Naive,36,1,success,
2023,M016,Seasonal Naive,36,12,success,
2023,M016,SMA(3),36,3,success,
2023,M016,"WMA(1,2,3)",36,3,success,
2023,M016,SES,36,2,success,
2023,M016,Holt,36,3,success,
2023,M016,Holt-Winters,36,24,success,
2023,M016,SARIMA,36,36,success,
2023,M016,Driver Scenario Regression,36,36,success,
2023,M017,Naive,36,1,success,
2023,M017,Seasonal Naive,36,12,success,
2023,M017,SMA(3),36,3,success,
2023,M017,"WMA(1,2,3)",36,3,success,
2023,M017,SES,36,2,success,
2023,M017,Holt,36,3,success,
2023,M017,Holt-Winters,36,24,success,
2023,M017,SARIMA,36,36,success,
2023,M017,Driver Scenario Regression,36,36,success,
2023,M018,Naive,36,1,success,
2023,M018,Seasonal Naive,36,12,success,
2023,M018,SMA(3),36,3,success,
2023,M018,"WMA(1,2,3)",36,3,success,
2023,M018,SES,36,2,success,
2023,M018,Holt,36,3,success,
2023,M018,Holt-Winters,36,24,success,
2023,M018,SARIMA,36,36,success,
2023,M018,Driver Scenario Regression,36,36,success,
2023,M019,Naive,36,1,success,
2023,M019,Seasonal Naive,36,12,success,
2023,M019,SMA(3),36,3,success,
2023,M019,"WMA(1,2,3)",36,3,success,
2023,M019,SES,36,2,success,
2023,M019,Holt,36,3,success,
2023,M019,Holt-Winters,36,24,success,
2023,M019,SARIMA,36,36,success,
2023,M019,Driver Scenario Regression,36,36,success,
2023,M020,Naive,36,1,success,
2023,M020,Seasonal Naive,36,12,success,
2023,M020,SMA(3),36,3,success,
2023,M020,"WMA(1,2,3)",36,3,success,
2023,M020,SES,36,2,success,
2023,M020,Holt,36,3,success,
2023,M020,Holt-Winters,36,24,success,
2023,M020,SARIMA,36,36,success,
2023,M020,Driver Scenario Regression,36,36,success,
2023,M021,Naive,36,1,success,
2023,M021,Seasonal Naive,36,12,success,
2023,M021,SMA(3),36,3,success,
2023,M021,"WMA(1,2,3)",36,3,success,
2023,M021,SES,36,2,success,
2023,M021,Holt,36,3,success,
2023,M021,Holt-Winters,36,24,success,
2023,M021,SARIMA,36,36,success,
2023,M021,Driver Scenario Regression,36,36,success,
2023,M022,Naive,36,1,success,
2023,M022,Seasonal Naive,36,12,success,
2023,M022,SMA(3),36,3,success,
2023,M022,"WMA(1,2,3)",36,3,success,
2023,M022,SES,36,2,success,
2023,M022,Holt,36,3,success,
2023,M022,Holt-Winters,36,24,success,
2023,M022,SARIMA,36,36,success,
2023,M022,Driver Scenario Regression,36,36,success,
2023,M023,Naive,36,1,success,
2023,M023,Seasonal Naive,36,12,success,
2023,M023,SMA(3),36,3,success,
2023,M023,"WMA(1,2,3)",36,3,success,
2023,M023,SES,36,2,success,
2023,M023,Holt,36,3,success,
2023,M023,Holt-Winters,36,24,success,
2023,M023,SARIMA,36,36,success,
2023,M023,Driver Scenario Regression,36,36,success,
2023,M024,Naive,36,1,success,
2023,M024,Seasonal Naive,36,12,success,
2023,M024,SMA(3),36,3,success,
2023,M024,"WMA(1,2,3)",36,3,success,
2023,M024,SES,36,2,success,
2023,M024,Holt,36,3,success,
2023,M024,Holt-Winters,36,24,success,
2023,M024,SARIMA,36,36,success,
2023,M024,Driver Scenario Regression,36,36,success,
2023,M025,Naive,36,1,success,
2023,M025,Seasonal Naive,36,12,success,
2023,M025,SMA(3),36,3,success,
2023,M025,"WMA(1,2,3)",36,3,success,
2023,M025,SES,36,2,success,
2023,M025,Holt,36,3,success,
2023,M025,Holt-Winters,36,24,success,
2023,M025,SARIMA,36,36,success,
2023,M025,Driver Scenario Regression,36,36,success,
2023,M026,Naive,36,1,success,
2023,M026,Seasonal Naive,36,12,success,
2023,M026,SMA(3),36,3,success,
2023,M026,"WMA(1,2,3)",36,3,success,
2023,M026,SES,36,2,success,
2023,M026,Holt,36,3,success,
2023,M026,Holt-Winters,36,24,success,
2023,M026,SARIMA,36,36,success,
2023,M026,Driver Scenario Regression,36,36,success,
2023,M027,Naive,36,1,success,
2023,M027,Seasonal Naive,36,12,success,
2023,M027,SMA(3),36,3,success,
2023,M027,"WMA(1,2,3)",36,3,success,
2023,M027,SES,36,2,success,
2023,M027,Holt,36,3,success,
2023,M027,Holt-Winters,36,24,success,
2023,M027,SARIMA,36,36,success,
2023,M027,Driver Scenario Regression,36,36,success,
2023,M028,Naive,36,1,success,
2023,M028,Seasonal Naive,36,12,success,
2023,M028,SMA(3),36,3,success,
2023,M028,"WMA(1,2,3)",36,3,success,
2023,M028,SES,36,2,success,
2023,M028,Holt,36,3,success,
2023,M028,Holt-Winters,36,24,success,
2023,M028,SARIMA,36,36,success,
2023,M028,Driver Scenario Regression,36,36,success,
2023,M029,Naive,36,1,success,
2023,M029,Seasonal Naive,36,12,success,
2023,M029,SMA(3),36,3,success,
2023,M029,"WMA(1,2,3)",36,3,success,
2023,M029,SES,36,2,success,
2023,M029,Holt,36,3,success,
2023,M029,Holt-Winters,36,24,success,
2023,M029,SARIMA,36,36,success,
2023,M029,Driver Scenario Regression,36,36,success,
2023,M030,Naive,36,1,success,
2023,M030,Seasonal Naive,36,12,success,
2023,M030,SMA(3),36,3,success,
2023,M030,"WMA(1,2,3)",36,3,success,
2023,M030,SES,36,2,success,
2023,M030,Holt,36,3,success,
2023,M030,Holt-Winters,36,24,success,
2023,M030,SARIMA,36,36,success,
2023,M030,Driver Scenario Regression,36,36,success,
2023,M031,Naive,36,1,success,
2023,M031,Seasonal Naive,36,12,success,
2023,M031,SMA(3),36,3,success,
2023,M031,"WMA(1,2,3)",36,3,success,
2023,M031,SES,36,2,success,
2023,M031,Holt,36,3,success,
2023,M031,Holt-Winters,36,24,success,
2023,M031,SARIMA,36,36,success,
2023,M031,Driver Scenario Regression,36,36,success,
2023,M032,Naive,36,1,success,
2023,M032,Seasonal Naive,36,12,success,
2023,M032,SMA(3),36,3,success,
2023,M032,"WMA(1,2,3)",36,3,success,
2023,M032,SES,36,2,success,
2023,M032,Holt,36,3,success,
2023,M032,Holt-Winters,36,24,success,
2023,M032,SARIMA,36,36,success,
2023,M032,Driver Scenario Regression,36,36,success,
2023,M033,Naive,36,1,success,
2023,M033,Seasonal Naive,36,12,success,
2023,M033,SMA(3),36,3,success,
2023,M033,"WMA(1,2,3)",36,3,success,
2023,M033,SES,36,2,success,
2023,M033,Holt,36,3,success,
2023,M033,Holt-Winters,36,24,success,
2023,M033,SARIMA,36,36,success,
2023,M033,Driver Scenario Regression,36,36,success,
2023,M034,Naive,36,1,success,
2023,M034,Seasonal Naive,36,12,success,
2023,M034,SMA(3),36,3,success,
2023,M034,"WMA(1,2,3)",36,3,success,
2023,M034,SES,36,2,success,
2023,M034,Holt,36,3,success,
2023,M034,Holt-Winters,36,24,success,
2023,M034,SARIMA,36,36,success,
2023,M034,Driver Scenario Regression,36,36,success,
2023,M035,Naive,36,1,success,
2023,M035,Seasonal Naive,36,12,success,
2023,M035,SMA(3),36,3,success,
2023,M035,"WMA(1,2,3)",36,3,success,
2023,M035,SES,36,2,success,
2023,M035,Holt,36,3,success,
2023,M035,Holt-Winters,36,24,success,
2023,M035,SARIMA,36,36,success,
2023,M035,Driver Scenario Regression,36,36,success,
2023,M036,Naive,36,1,success,
2023,M036,Seasonal Naive,36,12,success,
2023,M036,SMA(3),36,3,success,
2023,M036,"WMA(1,2,3)",36,3,success,
2023,M036,SES,36,2,success,
2023,M036,Holt,36,3,success,
2023,M036,Holt-Winters,36,24,success,
2023,M036,SARIMA,36,36,success,
2023,M036,Driver Scenario Regression,36,36,success,
2023,M037,Naive,36,1,success,
2023,M037,Seasonal Naive,36,12,success,
2023,M037,SMA(3),36,3,success,
2023,M037,"WMA(1,2,3)",36,3,success,
2023,M037,SES,36,2,success,
2023,M037,Holt,36,3,success,
2023,M037,Holt-Winters,36,24,success,
2023,M037,SARIMA,36,36,success,
2023,M037,Driver Scenario Regression,36,36,success,
2023,M038,Naive,36,1,success,
2023,M038,Seasonal Naive,36,12,success,
2023,M038,SMA(3),36,3,success,
2023,M038,"WMA(1,2,3)",36,3,success,
2023,M038,SES,36,2,success,
2023,M038,Holt,36,3,success,
2023,M038,Holt-Winters,36,24,success,
2023,M038,SARIMA,36,36,success,
2023,M038,Driver Scenario Regression,36,36,success,
2023,M039,Naive,36,1,success,
2023,M039,Seasonal Naive,36,12,success,
2023,M039,SMA(3),36,3,success,
2023,M039,"WMA(1,2,3)",36,3,success,
2023,M039,SES,36,2,success,
2023,M039,Holt,36,3,success,
2023,M039,Holt-Winters,36,24,success,
2023,M039,SARIMA,36,36,success,
2023,M039,Driver Scenario Regression,36,36,success,
2023,M040,Naive,36,1,success,
2023,M040,Seasonal Naive,36,12,success,
2023,M040,SMA(3),36,3,success,
2023,M040,"WMA(1,2,3)",36,3,success,
2023,M040,SES,36,2,success,
2023,M040,Holt,36,3,success,
2023,M040,Holt-Winters,36,24,success,
2023,M040,SARIMA,36,36,success,
2023,M040,Driver Scenario Regression,36,36,success,
2023,M041,Naive,36,1,success,
2023,M041,Seasonal Naive,36,12,success,
2023,M041,SMA(3),36,3,success,
2023,M041,"WMA(1,2,3)",36,3,success,
2023,M041,SES,36,2,success,
2023,M041,Holt,36,3,success,
2023,M041,Holt-Winters,36,24,success,
2023,M041,SARIMA,36,36,success,
2023,M041,Driver Scenario Regression,36,36,success,
2023,M042,Naive,36,1,success,
2023,M042,Seasonal Naive,36,12,success,
2023,M042,SMA(3),36,3,success,
2023,M042,"WMA(1,2,3)",36,3,success,
2023,M042,SES,36,2,success,
2023,M042,Holt,36,3,success,
2023,M042,Holt-Winters,36,24,success,
2023,M042,SARIMA,36,36,success,
2023,M042,Driver Scenario Regression,36,36,success,
2023,M043,Naive,36,1,success,
2023,M043,Seasonal Naive,36,12,success,
2023,M043,SMA(3),36,3,success,
2023,M043,"WMA(1,2,3)",36,3,success,
2023,M043,SES,36,2,success,
2023,M043,Holt,36,3,success,
2023,M043,Holt-Winters,36,24,success,
2023,M043,SARIMA,36,36,success,
2023,M043,Driver Scenario Regression,36,36,success,
2023,M044,Naive,36,1,success,
2023,M044,Seasonal Naive,36,12,success,
2023,M044,SMA(3),36,3,success,
2023,M044,"WMA(1,2,3)",36,3,success,
2023,M044,SES,36,2,success,
2023,M044,Holt,36,3,success,
2023,M044,Holt-Winters,36,24,success,
2023,M044,SARIMA,36,36,success,
2023,M044,Driver Scenario Regression,36,36,success,
2023,M045,Naive,36,1,success,
2023,M045,Seasonal Naive,36,12,success,
2023,M045,SMA(3),36,3,success,
2023,M045,"WMA(1,2,3)",36,3,success,
2023,M045,SES,36,2,success,
2023,M045,Holt,36,3,success,
2023,M045,Holt-Winters,36,24,success,
2023,M045,SARIMA,36,36,success,
2023,M045,Driver Scenario Regression,36,36,success,
2023,M046,Naive,36,1,success,
2023,M046,Seasonal Naive,36,12,success,
2023,M046,SMA(3),36,3,success,
2023,M046,"WMA(1,2,3)",36,3,success,
2023,M046,SES,36,2,success,
2023,M046,Holt,36,3,success,
2023,M046,Holt-Winters,36,24,success,
2023,M046,SARIMA,36,36,success,
2023,M046,Driver Scenario Regression,36,36,success,
2023,M047,Naive,36,1,success,
2023,M047,Seasonal Naive,36,12,success,
2023,M047,SMA(3),36,3,success,
2023,M047,"WMA(1,2,3)",36,3,success,
2023,M047,SES,36,2,success,
2023,M047,Holt,36,3,success,
2023,M047,Holt-Winters,36,24,success,
2023,M047,SARIMA,36,36,success,
2023,M047,Driver Scenario Regression,36,36,success,
2023,M048,Naive,36,1,success,
2023,M048,Seasonal Naive,36,12,success,
2023,M048,SMA(3),36,3,success,
2023,M048,"WMA(1,2,3)",36,3,success,
2023,M048,SES,36,2,success,
2023,M048,Holt,36,3,success,
2023,M048,Holt-Winters,36,24,success,
2023,M048,SARIMA,36,36,success,
2023,M048,Driver Scenario Regression,36,36,success,
2023,M049,Naive,36,1,success,
2023,M049,Seasonal Naive,36,12,success,
2023,M049,SMA(3),36,3,success,
2023,M049,"WMA(1,2,3)",36,3,success,
2023,M049,SES,36,2,success,
2023,M049,Holt,36,3,success,
2023,M049,Holt-Winters,36,24,success,
2023,M049,SARIMA,36,36,success,
2023,M049,Driver Scenario Regression,36,36,success,
2023,M050,Naive,36,1,success,
2023,M050,Seasonal Naive,36,12,success,
2023,M050,SMA(3),36,3,success,
2023,M050,"WMA(1,2,3)",36,3,success,
2023,M050,SES,36,2,success,
2023,M050,Holt,36,3,success,
2023,M050,Holt-Winters,36,24,success,
2023,M050,SARIMA,36,36,success,
2023,M050,Driver Scenario Regression,36,36,success,
2024,M001,Naive,48,1,success,
2024,M001,Seasonal Naive,48,12,success,
2024,M001,SMA(3),48,3,success,
2024,M001,"WMA(1,2,3)",48,3,success,
2024,M001,SES,48,2,success,
2024,M001,Holt,48,3,success,
2024,M001,Holt-Winters,48,24,success,
2024,M001,SARIMA,48,36,success,
2024,M001,Driver Scenario Regression,48,36,success,
2024,M002,Naive,48,1,success,
2024,M002,Seasonal Naive,48,12,success,
2024,M002,SMA(3),48,3,success,
2024,M002,"WMA(1,2,3)",48,3,success,
2024,M002,SES,48,2,success,
2024,M002,Holt,48,3,success,
2024,M002,Holt-Winters,48,24,success,
2024,M002,SARIMA,48,36,success,
2024,M002,Driver Scenario Regression,48,36,success,
2024,M003,Naive,48,1,success,
2024,M003,Seasonal Naive,48,12,success,
2024,M003,SMA(3),48,3,success,
2024,M003,"WMA(1,2,3)",48,3,success,
2024,M003,SES,48,2,success,
2024,M003,Holt,48,3,success,
2024,M003,Holt-Winters,48,24,success,
2024,M003,SARIMA,48,36,success,
2024,M003,Driver Scenario Regression,48,36,success,
2024,M004,Naive,48,1,success,
2024,M004,Seasonal Naive,48,12,success,
2024,M004,SMA(3),48,3,success,
2024,M004,"WMA(1,2,3)",48,3,success,
2024,M004,SES,48,2,success,
2024,M004,Holt,48,3,success,
2024,M004,Holt-Winters,48,24,success,
2024,M004,SARIMA,48,36,success,
2024,M004,Driver Scenario Regression,48,36,success,
2024,M005,Naive,48,1,success,
2024,M005,Seasonal Naive,48,12,success,
2024,M005,SMA(3),48,3,success,
2024,M005,"WMA(1,2,3)",48,3,success,
2024,M005,SES,48,2,success,
2024,M005,Holt,48,3,success,
2024,M005,Holt-Winters,48,24,success,
2024,M005,SARIMA,48,36,success,
2024,M005,Driver Scenario Regression,48,36,success,
2024,M006,Naive,48,1,success,
2024,M006,Seasonal Naive,48,12,success,
2024,M006,SMA(3),48,3,success,
2024,M006,"WMA(1,2,3)",48,3,success,
2024,M006,SES,48,2,success,
2024,M006,Holt,48,3,success,
2024,M006,Holt-Winters,48,24,success,
2024,M006,SARIMA,48,36,success,
2024,M006,Driver Scenario Regression,48,36,success,
2024,M007,Naive,48,1,success,
2024,M007,Seasonal Naive,48,12,success,
2024,M007,SMA(3),48,3,success,
2024,M007,"WMA(1,2,3)",48,3,success,
2024,M007,SES,48,2,success,
2024,M007,Holt,48,3,success,
2024,M007,Holt-Winters,48,24,success,
2024,M007,SARIMA,48,36,success,
2024,M007,Driver Scenario Regression,48,36,success,
2024,M008,Naive,48,1,success,
2024,M008,Seasonal Naive,48,12,success,
2024,M008,SMA(3),48,3,success,
2024,M008,"WMA(1,2,3)",48,3,success,
2024,M008,SES,48,2,success,
2024,M008,Holt,48,3,success,
2024,M008,Holt-Winters,48,24,success,
2024,M008,SARIMA,48,36,success,
2024,M008,Driver Scenario Regression,48,36,success,
2024,M009,Naive,48,1,success,
2024,M009,Seasonal Naive,48,12,success,
2024,M009,SMA(3),48,3,success,
2024,M009,"WMA(1,2,3)",48,3,success,
2024,M009,SES,48,2,success,
2024,M009,Holt,48,3,success,
2024,M009,Holt-Winters,48,24,success,
2024,M009,SARIMA,48,36,success,
2024,M009,Driver Scenario Regression,48,36,success,
2024,M010,Naive,48,1,success,
2024,M010,Seasonal Naive,48,12,success,
2024,M010,SMA(3),48,3,success,
2024,M010,"WMA(1,2,3)",48,3,success,
2024,M010,SES,48,2,success,
2024,M010,Holt,48,3,success,
2024,M010,Holt-Winters,48,24,success,
2024,M010,SARIMA,48,36,success,
2024,M010,Driver Scenario Regression,48,36,success,
2024,M011,Naive,48,1,success,
2024,M011,Seasonal Naive,48,12,success,
2024,M011,SMA(3),48,3,success,
2024,M011,"WMA(1,2,3)",48,3,success,
2024,M011,SES,48,2,success,
2024,M011,Holt,48,3,success,
2024,M011,Holt-Winters,48,24,success,
2024,M011,SARIMA,48,36,success,
2024,M011,Driver Scenario Regression,48,36,success,
2024,M012,Naive,48,1,success,
2024,M012,Seasonal Naive,48,12,success,
2024,M012,SMA(3),48,3,success,
2024,M012,"WMA(1,2,3)",48,3,success,
2024,M012,SES,48,2,success,
2024,M012,Holt,48,3,success,
2024,M012,Holt-Winters,48,24,success,
2024,M012,SARIMA,48,36,success,
2024,M012,Driver Scenario Regression,48,36,success,
2024,M013,Naive,48,1,success,
2024,M013,Seasonal Naive,48,12,success,
2024,M013,SMA(3),48,3,success,
2024,M013,"WMA(1,2,3)",48,3,success,
2024,M013,SES,48,2,success,
2024,M013,Holt,48,3,success,
2024,M013,Holt-Winters,48,24,success,
2024,M013,SARIMA,48,36,success,
2024,M013,Driver Scenario Regression,48,36,success,
2024,M014,Naive,48,1,success,
2024,M014,Seasonal Naive,48,12,success,
2024,M014,SMA(3),48,3,success,
2024,M014,"WMA(1,2,3)",48,3,success,
2024,M014,SES,48,2,success,
2024,M014,Holt,48,3,success,
2024,M014,Holt-Winters,48,24,success,
2024,M014,SARIMA,48,36,success,
2024,M014,Driver Scenario Regression,48,36,success,
2024,M015,Naive,48,1,success,
2024,M015,Seasonal Naive,48,12,success,
2024,M015,SMA(3),48,3,success,
2024,M015,"WMA(1,2,3)",48,3,success,
2024,M015,SES,48,2,success,
2024,M015,Holt,48,3,success,
2024,M015,Holt-Winters,48,24,success,
2024,M015,SARIMA,48,36,success,
2024,M015,Driver Scenario Regression,48,36,success,
2024,M016,Naive,48,1,success,
2024,M016,Seasonal Naive,48,12,success,
2024,M016,SMA(3),48,3,success,
2024,M016,"WMA(1,2,3)",48,3,success,
2024,M016,SES,48,2,success,
2024,M016,Holt,48,3,success,
2024,M016,Holt-Winters,48,24,success,
2024,M016,SARIMA,48,36,success,
2024,M016,Driver Scenario Regression,48,36,success,
2024,M017,Naive,48,1,success,
2024,M017,Seasonal Naive,48,12,success,
2024,M017,SMA(3),48,3,success,
2024,M017,"WMA(1,2,3)",48,3,success,
2024,M017,SES,48,2,success,
2024,M017,Holt,48,3,success,
2024,M017,Holt-Winters,48,24,success,
2024,M017,SARIMA,48,36,success,
2024,M017,Driver Scenario Regression,48,36,success,
2024,M018,Naive,48,1,success,
2024,M018,Seasonal Naive,48,12,success,
2024,M018,SMA(3),48,3,success,
2024,M018,"WMA(1,2,3)",48,3,success,
2024,M018,SES,48,2,success,
2024,M018,Holt,48,3,success,
2024,M018,Holt-Winters,48,24,success,
2024,M018,SARIMA,48,36,success,
2024,M018,Driver Scenario Regression,48,36,success,
2024,M019,Naive,48,1,success,
2024,M019,Seasonal Naive,48,12,success,
2024,M019,SMA(3),48,3,success,
2024,M019,"WMA(1,2,3)",48,3,success,
2024,M019,SES,48,2,success,
2024,M019,Holt,48,3,success,
2024,M019,Holt-Winters,48,24,success,
2024,M019,SARIMA,48,36,success,
2024,M019,Driver Scenario Regression,48,36,success,
2024,M020,Naive,48,1,success,
2024,M020,Seasonal Naive,48,12,success,
2024,M020,SMA(3),48,3,success,
2024,M020,"WMA(1,2,3)",48,3,success,
2024,M020,SES,48,2,success,
2024,M020,Holt,48,3,success,
2024,M020,Holt-Winters,48,24,success,
2024,M020,SARIMA,48,36,success,
2024,M020,Driver Scenario Regression,48,36,success,
2024,M021,Naive,48,1,success,
2024,M021,Seasonal Naive,48,12,success,
2024,M021,SMA(3),48,3,success,
2024,M021,"WMA(1,2,3)",48,3,success,
2024,M021,SES,48,2,success,
2024,M021,Holt,48,3,success,
2024,M021,Holt-Winters,48,24,success,
2024,M021,SARIMA,48,36,success,
2024,M021,Driver Scenario Regression,48,36,success,
2024,M022,Naive,48,1,success,
2024,M022,Seasonal Naive,48,12,success,
2024,M022,SMA(3),48,3,success,
2024,M022,"WMA(1,2,3)",48,3,success,
2024,M022,SES,48,2,success,
2024,M022,Holt,48,3,success,
2024,M022,Holt-Winters,48,24,success,
2024,M022,SARIMA,48,36,success,
2024,M022,Driver Scenario Regression,48,36,success,
2024,M023,Naive,48,1,success,
2024,M023,Seasonal Naive,48,12,success,
2024,M023,SMA(3),48,3,success,
2024,M023,"WMA(1,2,3)",48,3,success,
2024,M023,SES,48,2,success,
2024,M023,Holt,48,3,success,
2024,M023,Holt-Winters,48,24,success,
2024,M023,SARIMA,48,36,success,
2024,M023,Driver Scenario Regression,48,36,success,
2024,M024,Naive,48,1,success,
2024,M024,Seasonal Naive,48,12,success,
2024,M024,SMA(3),48,3,success,
2024,M024,"WMA(1,2,3)",48,3,success,
2024,M024,SES,48,2,success,
2024,M024,Holt,48,3,success,
2024,M024,Holt-Winters,48,24,success,
2024,M024,SARIMA,48,36,success,
2024,M024,Driver Scenario Regression,48,36,success,
2024,M025,Naive,48,1,success,
2024,M025,Seasonal Naive,48,12,success,
2024,M025,SMA(3),48,3,success,
2024,M025,"WMA(1,2,3)",48,3,success,
2024,M025,SES,48,2,success,
2024,M025,Holt,48,3,success,
2024,M025,Holt-Winters,48,24,success,
2024,M025,SARIMA,48,36,success,
2024,M025,Driver Scenario Regression,48,36,success,
2024,M026,Naive,48,1,success,
2024,M026,Seasonal Naive,48,12,success,
2024,M026,SMA(3),48,3,success,
2024,M026,"WMA(1,2,3)",48,3,success,
2024,M026,SES,48,2,success,
2024,M026,Holt,48,3,success,
2024,M026,Holt-Winters,48,24,success,
2024,M026,SARIMA,48,36,success,
2024,M026,Driver Scenario Regression,48,36,success,
2024,M027,Naive,48,1,success,
2024,M027,Seasonal Naive,48,12,success,
2024,M027,SMA(3),48,3,success,
2024,M027,"WMA(1,2,3)",48,3,success,
2024,M027,SES,48,2,success,
2024,M027,Holt,48,3,success,
2024,M027,Holt-Winters,48,24,success,
2024,M027,SARIMA,48,36,success,
2024,M027,Driver Scenario Regression,48,36,success,
2024,M028,Naive,48,1,success,
2024,M028,Seasonal Naive,48,12,success,
2024,M028,SMA(3),48,3,success,
2024,M028,"WMA(1,2,3)",48,3,success,
2024,M028,SES,48,2,success,
2024,M028,Holt,48,3,success,
2024,M028,Holt-Winters,48,24,success,
2024,M028,SARIMA,48,36,success,
2024,M028,Driver Scenario Regression,48,36,success,
2024,M029,Naive,48,1,success,
2024,M029,Seasonal Naive,48,12,success,
2024,M029,SMA(3),48,3,success,
2024,M029,"WMA(1,2,3)",48,3,success,
2024,M029,SES,48,2,success,
2024,M029,Holt,48,3,success,
2024,M029,Holt-Winters,48,24,success,
2024,M029,SARIMA,48,36,success,
2024,M029,Driver Scenario Regression,48,36,success,
2024,M030,Naive,48,1,success,
2024,M030,Seasonal Naive,48,12,success,
2024,M030,SMA(3),48,3,success,
2024,M030,"WMA(1,2,3)",48,3,success,
2024,M030,SES,48,2,success,
2024,M030,Holt,48,3,success,
2024,M030,Holt-Winters,48,24,success,
2024,M030,SARIMA,48,36,success,
2024,M030,Driver Scenario Regression,48,36,success,
2024,M031,Naive,48,1,success,
2024,M031,Seasonal Naive,48,12,success,
2024,M031,SMA(3),48,3,success,
2024,M031,"WMA(1,2,3)",48,3,success,
2024,M031,SES,48,2,success,
2024,M031,Holt,48,3,success,
2024,M031,Holt-Winters,48,24,success,
2024,M031,SARIMA,48,36,success,
2024,M031,Driver Scenario Regression,48,36,success,
2024,M032,Naive,48,1,success,
2024,M032,Seasonal Naive,48,12,success,
2024,M032,SMA(3),48,3,success,
2024,M032,"WMA(1,2,3)",48,3,success,
2024,M032,SES,48,2,success,
2024,M032,Holt,48,3,success,
2024,M032,Holt-Winters,48,24,success,
2024,M032,SARIMA,48,36,success,
2024,M032,Driver Scenario Regression,48,36,success,
2024,M033,Naive,48,1,success,
2024,M033,Seasonal Naive,48,12,success,
2024,M033,SMA(3),48,3,success,
2024,M033,"WMA(1,2,3)",48,3,success,
2024,M033,SES,48,2,success,
2024,M033,Holt,48,3,success,
2024,M033,Holt-Winters,48,24,success,
2024,M033,SARIMA,48,36,success,
2024,M033,Driver Scenario Regression,48,36,success,
2024,M034,Naive,48,1,success,
2024,M034,Seasonal Naive,48,12,success,
2024,M034,SMA(3),48,3,success,
2024,M034,"WMA(1,2,3)",48,3,success,
2024,M034,SES,48,2,success,
2024,M034,Holt,48,3,success,
2024,M034,Holt-Winters,48,24,success,
2024,M034,SARIMA,48,36,success,
2024,M034,Driver Scenario Regression,48,36,success,
2024,M035,Naive,48,1,success,
2024,M035,Seasonal Naive,48,12,success,
2024,M035,SMA(3),48,3,success,
2024,M035,"WMA(1,2,3)",48,3,success,
2024,M035,SES,48,2,success,
2024,M035,Holt,48,3,success,
2024,M035,Holt-Winters,48,24,success,
2024,M035,SARIMA,48,36,success,
2024,M035,Driver Scenario Regression,48,36,success,
2024,M036,Naive,48,1,success,
2024,M036,Seasonal Naive,48,12,success,
2024,M036,SMA(3),48,3,success,
2024,M036,"WMA(1,2,3)",48,3,success,
2024,M036,SES,48,2,success,
2024,M036,Holt,48,3,success,
2024,M036,Holt-Winters,48,24,success,
2024,M036,SARIMA,48,36,success,
2024,M036,Driver Scenario Regression,48,36,success,
2024,M037,Naive,48,1,success,
2024,M037,Seasonal Naive,48,12,success,
2024,M037,SMA(3),48,3,success,
2024,M037,"WMA(1,2,3)",48,3,success,
2024,M037,SES,48,2,success,
2024,M037,Holt,48,3,success,
2024,M037,Holt-Winters,48,24,success,
2024,M037,SARIMA,48,36,success,
2024,M037,Driver Scenario Regression,48,36,success,
2024,M038,Naive,48,1,success,
2024,M038,Seasonal Naive,48,12,success,
2024,M038,SMA(3),48,3,success,
2024,M038,"WMA(1,2,3)",48,3,success,
2024,M038,SES,48,2,success,
2024,M038,Holt,48,3,success,
2024,M038,Holt-Winters,48,24,success,
2024,M038,SARIMA,48,36,success,
2024,M038,Driver Scenario Regression,48,36,success,
2024,M039,Naive,48,1,success,
2024,M039,Seasonal Naive,48,12,success,
2024,M039,SMA(3),48,3,success,
2024,M039,"WMA(1,2,3)",48,3,success,
2024,M039,SES,48,2,success,
2024,M039,Holt,48,3,success,
2024,M039,Holt-Winters,48,24,success,
2024,M039,SARIMA,48,36,success,
2024,M039,Driver Scenario Regression,48,36,success,
2024,M040,Naive,48,1,success,
2024,M040,Seasonal Naive,48,12,success,
2024,M040,SMA(3),48,3,success,
2024,M040,"WMA(1,2,3)",48,3,success,
2024,M040,SES,48,2,success,
2024,M040,Holt,48,3,success,
2024,M040,Holt-Winters,48,24,success,
2024,M040,SARIMA,48,36,success,
2024,M040,Driver Scenario Regression,48,36,success,
2024,M041,Naive,48,1,success,
2024,M041,Seasonal Naive,48,12,success,
2024,M041,SMA(3),48,3,success,
2024,M041,"WMA(1,2,3)",48,3,success,
2024,M041,SES,48,2,success,
2024,M041,Holt,48,3,success,
2024,M041,Holt-Winters,48,24,success,
2024,M041,SARIMA,48,36,success,
2024,M041,Driver Scenario Regression,48,36,success,
2024,M042,Naive,48,1,success,
2024,M042,Seasonal Naive,48,12,success,
2024,M042,SMA(3),48,3,success,
2024,M042,"WMA(1,2,3)",48,3,success,
2024,M042,SES,48,2,success,
2024,M042,Holt,48,3,success,
2024,M042,Holt-Winters,48,24,success,
2024,M042,SARIMA,48,36,success,
2024,M042,Driver Scenario Regression,48,36,success,
2024,M043,Naive,48,1,success,
2024,M043,Seasonal Naive,48,12,success,
2024,M043,SMA(3),48,3,success,
2024,M043,"WMA(1,2,3)",48,3,success,
2024,M043,SES,48,2,success,
2024,M043,Holt,48,3,success,
2024,M043,Holt-Winters,48,24,success,
2024,M043,SARIMA,48,36,success,
2024,M043,Driver Scenario Regression,48,36,success,
2024,M044,Naive,48,1,success,
2024,M044,Seasonal Naive,48,12,success,
2024,M044,SMA(3),48,3,success,
2024,M044,"WMA(1,2,3)",48,3,success,
2024,M044,SES,48,2,success,
2024,M044,Holt,48,3,success,
2024,M044,Holt-Winters,48,24,success,
2024,M044,SARIMA,48,36,success,
2024,M044,Driver Scenario Regression,48,36,success,
2024,M045,Naive,48,1,success,
2024,M045,Seasonal Naive,48,12,success,
2024,M045,SMA(3),48,3,success,
2024,M045,"WMA(1,2,3)",48,3,success,
2024,M045,SES,48,2,success,
2024,M045,Holt,48,3,success,
2024,M045,Holt-Winters,48,24,success,
2024,M045,SARIMA,48,36,success,
2024,M045,Driver Scenario Regression,48,36,success,
2024,M046,Naive,48,1,success,
2024,M046,Seasonal Naive,48,12,success,
2024,M046,SMA(3),48,3,success,
2024,M046,"WMA(1,2,3)",48,3,success,
2024,M046,SES,48,2,success,
2024,M046,Holt,48,3,success,
2024,M046,Holt-Winters,48,24,success,
2024,M046,SARIMA,48,36,success,
2024,M046,Driver Scenario Regression,48,36,success,
2024,M047,Naive,48,1,success,
2024,M047,Seasonal Naive,48,12,success,
2024,M047,SMA(3),48,3,success,
2024,M047,"WMA(1,2,3)",48,3,success,
2024,M047,SES,48,2,success,
2024,M047,Holt,48,3,success,
2024,M047,Holt-Winters,48,24,success,
2024,M047,SARIMA,48,36,success,
2024,M047,Driver Scenario Regression,48,36,success,
2024,M048,Naive,48,1,success,
2024,M048,Seasonal Naive,48,12,success,
2024,M048,SMA(3),48,3,success,
2024,M048,"WMA(1,2,3)",48,3,success,
2024,M048,SES,48,2,success,
2024,M048,Holt,48,3,success,
2024,M048,Holt-Winters,48,24,success,
2024,M048,SARIMA,48,36,success,
2024,M048,Driver Scenario Regression,48,36,success,
2024,M049,Naive,48,1,success,
2024,M049,Seasonal Naive,48,12,success,
2024,M049,SMA(3),48,3,success,
2024,M049,"WMA(1,2,3)",48,3,success,
2024,M049,SES,48,2,success,
2024,M049,Holt,48,3,success,
2024,M049,Holt-Winters,48,24,success,
2024,M049,SARIMA,48,36,success,
2024,M049,Driver Scenario Regression,48,36,success,
2024,M050,Naive,48,1,success,
2024,M050,Seasonal Naive,48,12,success,
2024,M050,SMA(3),48,3,success,
2024,M050,"WMA(1,2,3)",48,3,success,
2024,M050,SES,48,2,success,
2024,M050,Holt,48,3,success,
2024,M050,Holt-Winters,48,24,success,
2024,M050,SARIMA,48,36,success,
2024,M050,Driver Scenario Regression,48,36,success,
