rank,model,window,n_merchants,mean_mape,median_mape,iqr_mape,mean_mae,mean_rmse,mean_smape,mean_mase,best_model_count,best_model_pct
1,Holt,2024,50,8.641150881505478,8.398878641022268,2.7271514379518313,9158.337337338138,11480.70630677669,8.560291856751805,0.7434792661972578,17,34.0
2,SES,2024,50,9.083842599081299,8.689591968176732,2.2819163804336906,9989.830941369471,12549.174098571903,9.094455398706627,0.7815920591343665,7,14.0
3,SMA(3),2024,50,9.341617075225125,8.873058595995094,2.894841316909136,10188.255616666667,12640.216046651025,9.278735289343315,0.7969073154405745,5,10.0
4,Holt-Winters,2024,50,9.54113735074406,9.187730442765691,2.3518484101489268,10580.327508302145,13262.042945382733,9.640586865325476,0.8339565145510351,8,16.0
5,"WMA(1,2,3)",2024,50,9.599817172742283,9.339371064885842,2.6821700325157387,10251.130777777778,12688.893022269847,9.492344135349358,0.8211615230584829,4,8.0
6,Naive,2024,50,11.679943082225293,10.041862695475059,8.119673637493083,12293.212083333336,14759.300647334967,11.473082700056102,1.0179788036284882,3,6.0
7,SARIMA,2024,50,11.811236418201176,11.023806274492207,4.559549356749692,12498.179632560339,15366.081016946393,11.377350959233132,1.0067330044908478,3,6.0
8,Seasonal Naive,2024,50,12.467240883069458,12.025336963518825,3.700204260856779,13963.494883333335,17547.470154574392,12.579380188399023,1.071911361935913,1,2.0
9,Driver Scenario Regression,2024,50,12.477934108560744,11.976473114919354,4.168845115104528,14108.820277255783,17284.79093856484,12.753909960279719,1.0920666564757258,2,4.0
